id_odsp,date,country,ht,at,league,price,available_seats
UFot0hit/,2021-08-05,germany,Borussia Dortmund,Hamburg SV,D1,27,8980
Aw5DflLH/,2021-08-06,germany,FC Augsburg,SC Freiburg,D1,28,5845
bkjpaC6n/,2021-08-06,germany,Werder Bremen,Kaiserslautern,D1,67,7233
CzPV312a/,2021-08-06,france,Paris Saint-Germain,Lorient,F1,53,3728
GUOdmtII/,2021-08-06,france,Caen,Valenciennes,F1,78,26306
lOpzwMkp/,2021-08-06,germany,Hertha Berlin,Nurnberg,D1,40,17253
M7PhlM2C/,2021-08-06,france,Brest,Evian Thonon Gaillard,F1,68,6085
QuWqjrYa/,2021-08-06,france,AC Ajaccio,Toulouse,F1,110,28430
UBZQ4smg/,2021-08-06,france,Nice,Lyon,F1,72,7417
Wn69eU5B/,2021-08-06,germany,FC Cologne,VfL Wolfsburg,D1,95,7253
WQGN5NXn/,2021-08-06,france,AS Nancy Lorraine,Lille,F1,39,18669
x4HJ63It/,2021-08-06,france,Montpellier,AJ Auxerre,F1,27,581
xQ65dAj5/,2021-08-06,germany,VfB Stuttgart,Schalke 04,D1,22,26162
xtklbWLh/,2021-08-06,germany,Hannover 96,TSG Hoffenheim,D1,90,6023
zeViBqAP/,2021-08-06,france,Marseille,Sochaux,F1,103,255
84Llk2m6/,2021-08-07,france,Bordeaux,St Etienne,F1,53,22209
fLN0n0XO/,2021-08-07,france,Dijon FCO,Stade Rennes,F1,78,27609
K4vgcjya/,2021-08-07,germany,Mainz,Bayer Leverkusen,D1,112,29814
SEqvxt5j/,2021-08-07,germany,Bayern Munich,Borussia Monchengladbach,D1,56,668
4nHmUALb/,2021-08-13,england,Fulham,Aston Villa,E0,57,6443
4WY4SljB/,2021-08-13,england,Newcastle,Arsenal,E0,28,9512
bgY8R85H/,2021-08-13,england,QPR,Bolton,E0,50,9354
bHbEI0Hh/,2021-08-13,france,Sochaux,Caen,F1,78,440
bw0Yaqcc/,2021-08-13,germany,Schalke 04,FC Cologne,D1,20,28743
byqaawHU/,2021-08-13,france,Lyon,AC Ajaccio,F1,102,4337
Ea52eLBS/,2021-08-13,germany,TSG Hoffenheim,Borussia Dortmund,D1,48,23518
EkQZqjLo/,2021-08-13,england,Wigan,Norwich City,E0,21,10370
I5sHJt2n/,2021-08-13,france,St Etienne,AS Nancy Lorraine,F1,95,23874
KhlsbNR9/,2021-08-13,germany,Nurnberg,Hannover 96,D1,49,1435
lShocssG/,2021-08-13,germany,SC Freiburg,Mainz,D1,64,3556
nB6hTUz5/,2021-08-13,england,Liverpool,Sunderland,E0,66,15220
pYve0J1O/,2021-08-13,france,Lorient,Bordeaux,F1,81,13032
QeIqVj6h/,2021-08-13,england,Blackburn,Wolves,E0,50,3704
t2kwa3C3/,2021-08-13,germany,Hamburg SV,Hertha Berlin,D1,54,2761
UPAXkaZk/,2021-08-13,germany,Borussia Monchengladbach,VfB Stuttgart,D1,101,13939
vFrDKMnt/,2021-08-13,france,Stade Rennes,Paris Saint-Germain,F1,64,6434
WUdMGvn5/,2021-08-13,france,Valenciennes,Brest,F1,86,24458
x8cIHKWb/,2021-08-13,france,Toulouse,Dijon FCO,F1,61,10001
z3BTjuKq/,2021-08-13,germany,VfL Wolfsburg,Bayern Munich,D1,49,26591
29kj1anI/,2021-08-14,france,Lille,Montpellier,F1,24,25499
dUDqL6ro/,2021-08-14,england,West Brom,Manchester Utd,E0,54,17930
fqnr3LH5/,2021-08-14,france,AJ Auxerre,Marseille,F1,63,14619
OIjn2uXB/,2021-08-14,france,Evian Thonon Gaillard,Nice,F1,25,27710
pzdU0Psi/,2021-08-14,germany,Bayer Leverkusen,Werder Bremen,D1,105,8854
WzGcd1dM/,2021-08-14,germany,Kaiserslautern,FC Augsburg,D1,111,4004
xpXCQSKN/,2021-08-14,england,Stoke City,Chelsea,E0,57,24280
CQJ2BZ8q/,2021-08-15,england,Manchester City,Swansea,E0,40,28853
WMIN4blq/,2021-08-19,germany,Borussia Monchengladbach,VfL Wolfsburg,D1,58,15602
0vWe9vtS/,2021-08-20,germany,FC Cologne,Kaiserslautern,D1,46,21827
2Pyjt8KA/,2021-08-20,england,Chelsea,West Brom,E0,61,10997
8G9ykJld/,2021-08-20,germany,Borussia Dortmund,Nurnberg,D1,66,6290
A5DsExWN/,2021-08-20,france,Brest,Lyon,F1,120,5162
ADHR3I3k/,2021-08-20,germany,FC Augsburg,TSG Hoffenheim,D1,65,18957
CzqwqAzh/,2021-08-20,england,Arsenal,Liverpool,E0,28,1399
faYsrUkb/,2021-08-20,england,Aston Villa,Blackburn,E0,93,21793
IV8qAKQL/,2021-08-20,germany,VfB Stuttgart,Bayer Leverkusen,D1,24,5068
jHI6AgOk/,2021-08-20,england,Swansea,Wigan,E0,61,8867
ljHSD2Rd/,2021-08-20,germany,Bayern Munich,Hamburg SV,D1,69,19869
ljPYFb1B/,2021-08-20,france,AC Ajaccio,Evian Thonon Gaillard,F1,61,18791
pYb2uSZG/,2021-08-20,england,Everton,QPR,E0,78,25991
StGWCMt3/,2021-08-20,germany,Werder Bremen,SC Freiburg,D1,86,2287
tl4D8Ggo/,2021-08-20,france,Dijon FCO,Lorient,F1,96,29263
vuIoDdoU/,2021-08-20,france,Caen,Lille,F1,54,17537
WEEwFIGH/,2021-08-20,france,Bordeaux,AJ Auxerre,F1,107,28910
YeGvMwZe/,2021-08-20,england,Sunderland,Newcastle,E0,58,12334
YRfEE6s4/,2021-08-20,france,Nice,Toulouse,F1,83,17159
0Ed6GSCi/,2021-08-21,france,Montpellier,Stade Rennes,F1,44,9664
CnFrLcl2/,2021-08-21,england,Wolves,Fulham,E0,80,14115
fydAFnSc/,2021-08-21,france,AS Nancy Lorraine,Sochaux,F1,64,16744
j3kJDQdA/,2021-08-21,france,Paris Saint-Germain,Valenciennes,F1,57,5316
lvg2H8co/,2021-08-21,france,Marseille,St Etienne,F1,116,28339
M3FzCtd9/,2021-08-21,germany,Hannover 96,Hertha Berlin,D1,73,10769
vZGzNJJk/,2021-08-21,england,Norwich City,Stoke City,E0,112,27675
YkXosl54/,2021-08-21,england,Bolton,Manchester City,E0,69,6572
z7JvB0BF/,2021-08-21,germany,Mainz,Schalke 04,D1,91,23818
QVCWNa4q/,2021-08-22,england,Manchester Utd,Tottenham,E0,69,27857
vwm9GyYl/,2021-08-26,germany,Hertha Berlin,VfB Stuttgart,D1,100,7550
0QSBhGQ1/,2021-08-27,france,Lyon,Montpellier,F1,55,8478
6F7IXGI1/,2021-08-27,england,Wigan,QPR,E0,105,29632
bJFwOweL/,2021-08-27,germany,SC Freiburg,VfL Wolfsburg,D1,33,16313
C2F4CH2R/,2021-08-27,france,Valenciennes,Bordeaux,F1,104,14690
CtEdUSdJ/,2021-08-27,spain,Sporting Gijon,Real Sociedad,SP1,102,11937
dEc4HHIr/,2021-08-27,germany,TSG Hoffenheim,Werder Bremen,D1,90,17140
EXAMtLeF/,2021-08-27,england,Chelsea,Norwich City,E0,85,15748
htFsNcAR/,2021-08-27,germany,Kaiserslautern,Bayern Munich,D1,38,14246
hx7W2xJe/,2021-08-27,germany,Bayer Leverkusen,Borussia Dortmund,D1,60,11705
jRPmWlS6/,2021-08-27,spain,Valencia,Racing Santander,SP1,24,9775
KABIs1t9/,2021-08-27,england,Blackburn,Everton,E0,108,9052
KSGZOJuF/,2021-08-27,germany,Nurnberg,FC Augsburg,D1,94,19427
MZT7gdBe/,2021-08-27,france,Lorient,AS Nancy Lorraine,F1,78,26762
O0NQQuB2/,2021-08-27,germany,Hamburg SV,FC Cologne,D1,95,14013
O2rLz4Jh/,2021-08-27,spain,Granada,Real Betis,SP1,91,27132
Q7zaeItq/,2021-08-27,france,Evian Thonon Gaillard,Dijon FCO,F1,35,10987
rNNmGa32/,2021-08-27,france,Nice,Brest,F1,64,2989
SzFQuuBL/,2021-08-27,england,Liverpool,Bolton,E0,62,7119
tKCErsR2/,2021-08-27,england,Aston Villa,Wolves,E0,118,1025
YBCVCpCG/,2021-08-27,france,AJ Auxerre,AC Ajaccio,F1,73,1301
Yu8B9Dwd/,2021-08-27,england,Swansea,Sunderland,E0,46,18301
2iMUPaQ8/,2021-08-28,germany,Hannover 96,Mainz,D1,103,8736
4xCdEwYE/,2021-08-28,france,Sochaux,St Etienne,F1,63,6425
6uBz2dY1/,2021-08-28,germany,Schalke 04,Borussia Monchengladbach,D1,116,26770
Aa4VvaQR/,2021-08-28,england,Manchester Utd,Arsenal,E0,101,19676
C88uY13B/,2021-08-28,spain,Real Zaragoza,Real Madrid,SP1,23,1004
GQE5zJYr/,2021-08-28,england,Newcastle,Fulham,E0,51,1045
IuG0DcmL/,2021-08-28,france,Toulouse,Paris Saint-Germain,F1,88,6944
MDMiFJI8/,2021-08-28,france,Stade Rennes,Caen,F1,96,3672
OjIDYd3e/,2021-08-28,england,West Brom,Stoke City,E0,109,5699
p0J9Zxlk/,2021-08-28,england,Tottenham,Manchester City,E0,72,3847
tvgGyp4n/,2021-08-28,spain,Sevilla,Malaga,SP1,106,13467
UaoTYsl5/,2021-08-28,spain,Athletic Bilbao,Rayo Vallecano,SP1,33,5498
Uq3pXLIH/,2021-08-28,spain,Getafe,Levante,SP1,44,21506
vBv3fxdk/,2021-08-28,france,Lille,Marseille,F1,47,23495
YkFhV8sD/,2021-08-28,spain,Atletico Madrid,Osasuna,SP1,74,19761
zwnPZNYb/,2021-08-28,spain,Mallorca,Espanyol,SP1,25,25120
2mfCxQlt/,2021-08-29,spain,Barcelona,Villarreal,SP1,42,4666
jLzeUf2l/,2021-09-09,germany,FC Augsburg,Bayer Leverkusen,D1,95,12337
W0scuwXc/,2021-09-09,italy,AC Milan,Lazio,I1,46,6369
6qJCozm1/,2021-09-10,england,Wolves,Tottenham,E0,58,18355
8CDrVzmr/,2021-09-10,germany,Borussia Monchengladbach,Kaiserslautern,D1,46,23183
8IIi5Zf1/,2021-09-10,france,Dijon FCO,Lyon,F1,111,25096
8z2lWuYN/,2021-09-10,spain,Valencia,Atletico Madrid,SP1,21,25076
bBByVmEG/,2021-09-10,spain,Real Madrid,Getafe,SP1,29,28668
CWQbQzXQ/,2021-09-10,france,St Etienne,Lille,F1,85,14260
EeJm6Fue/,2021-09-10,france,Caen,Toulouse,F1,96,20406
ID3RLfur/,2021-09-10,france,Sochaux,Lorient,F1,68,3787
IkBMWzY7/,2021-09-10,england,Bolton,Manchester Utd,E0,30,22452
IToDFeme/,2021-09-10,germany,Borussia Dortmund,Hertha Berlin,D1,25,25018
ITPv8yBr/,2021-09-10,france,AC Ajaccio,Valenciennes,F1,38,1161
KhMe4gA7/,2021-09-10,france,Marseille,Stade Rennes,F1,39,1069
n3jHEF21/,2021-09-10,germany,Bayern Munich,SC Freiburg,D1,87,23525
n9s9ZBao/,2021-09-10,spain,Villarreal,Sevilla,SP1,47,5675
nqCF8Xh2/,2021-09-10,england,Arsenal,Swansea,E0,91,12354
pKeGywAE/,2021-09-10,germany,VfB Stuttgart,Hannover 96,D1,22,29121
pUU3mdIl/,2021-09-10,england,Stoke City,Liverpool,E0,22,28036
QgkLDZH7/,2021-09-10,germany,Werder Bremen,Hamburg SV,D1,57,18339
ShK8nGXf/,2021-09-10,england,Sunderland,Chelsea,E0,50,4085
vJhKQJeo/,2021-09-10,spain,Real Sociedad,Barcelona,SP1,116,1031
WGiCxJf8/,2021-09-10,germany,Mainz,TSG Hoffenheim,D1,36,10346
WxHLgbuL/,2021-09-10,england,Manchester City,Wigan,E0,110,2167
z5Kq7eQl/,2021-09-10,france,Bordeaux,Evian Thonon Gaillard,F1,102,4962
zBNCeKA8/,2021-09-10,england,Everton,Aston Villa,E0,41,15559
zesOOHnH/,2021-09-10,italy,Cesena,Napoli,I1,66,2605
2c1hVamU/,2021-09-11,spain,Osasuna,Sporting Gijon,SP1,43,23450
46NjSd2E/,2021-09-11,france,AS Nancy Lorraine,AJ Auxerre,F1,114,7184
Ait1vcn4/,2021-09-11,italy,Palermo,Internazionale,I1,98,21124
ATFPhIfR/,2021-09-11,england,Norwich City,West Brom,E0,81,6364
bRgKW9q4/,2021-09-11,spain,Espanyol,Athletic Bilbao,SP1,71,12329
E1MGfvQE/,2021-09-11,england,Fulham,Blackburn,E0,72,2024
EotSNy2N/,2021-09-11,italy,Chievo Verona,Novara,I1,27,26399
hYAuU7TM/,2021-09-11,spain,Racing Santander,Levante,SP1,80,22542
IXgOZGvR/,2021-09-11,germany,VfL Wolfsburg,Schalke 04,D1,61,16119
jiZlsa2o/,2021-09-11,italy,Juventus,Parma,I1,103,2045
KzeGXkUc/,2021-09-11,spain,Real Betis,Mallorca,SP1,114,28907
lxhhtJHi/,2021-09-11,italy,Lecce,Udinese,I1,66,6526
QFOnTxm8/,2021-09-11,france,Montpellier,Nice,F1,84,16392
tjqPVTbA/,2021-09-11,spain,Rayo Vallecano,Real Zaragoza,SP1,20,21039
tYsKPcXA/,2021-09-11,italy,Catania,Siena,I1,27,22539
vRp5wH1A/,2021-09-11,italy,AS Roma,Cagliari,I1,115,5687
vseKzcPK/,2021-09-11,germany,FC Cologne,Nurnberg,D1,41,13210
WMzXMeHT/,2021-09-11,italy,Fiorentina,Bologna,I1,30,23285
YuSfRGHK/,2021-09-11,france,Paris Saint-Germain,Brest,F1,39,12470
YVMbIFPp/,2021-09-11,italy,Genoa,Atalanta,I1,42,26573
QatDYVEi/,2021-09-12,spain,Malaga,Granada,SP1,113,21288
S82ilx3r/,2021-09-12,england,QPR,Newcastle,E0,112,613
lb7VXT8t/,2021-09-16,germany,SC Freiburg,VfB Stuttgart,D1,43,2067
04PCiQzK/,2021-09-17,england,Everton,Wigan,E0,56,21902
0KXFpf27/,2021-09-17,england,Aston Villa,Newcastle,E0,99,29248
2TeFpTD3/,2021-09-17,spain,Mallorca,Malaga,SP1,50,25948
44O5XGV2/,2021-09-17,england,Swansea,West Brom,E0,51,6005
8U26nkqi/,2021-09-17,spain,Sevilla,Real Sociedad,SP1,83,26908
bD0suznK/,2021-09-17,france,Nice,AC Ajaccio,F1,114,13003
CIiCOoip/,2021-09-17,spain,Sporting Gijon,Valencia,SP1,20,28042
CKtIYXOm/,2021-09-17,france,Valenciennes,Dijon FCO,F1,20,8873
CYq2kdvE/,2021-09-17,germany,Nurnberg,Werder Bremen,D1,88,9817
EXndVh9j/,2021-09-17,italy,Internazionale,AS Roma,I1,63,19334
I11QzFoT/,2021-09-17,italy,Cagliari,Novara,I1,46,14692
j9jGN56j/,2021-09-17,spain,Barcelona,Osasuna,SP1,62,15149
jsS3q2r0/,2021-09-17,england,Wolves,QPR,E0,92,5732
K46Ao9bc/,2021-09-17,spain,Granada,Villarreal,SP1,93,8609
lboqICv7/,2021-09-17,france,Lille,Sochaux,F1,114,28983
n1L8h6LD/,2021-09-17,england,Bolton,Norwich City,E0,98,5864
przaTEHf/,2021-09-17,germany,Bayer Leverkusen,FC Cologne,D1,77,26066
rc0vW7wg/,2021-09-17,germany,TSG Hoffenheim,VfL Wolfsburg,D1,65,23979
roxEZD9s/,2021-09-17,france,Toulouse,Bordeaux,F1,85,23711
SlpmHWgD/,2021-09-17,france,Lorient,St Etienne,F1,62,1895
tAT7Rhn7/,2021-09-17,germany,Hamburg SV,Borussia Monchengladbach,D1,108,16435
UeVsKY9f/,2021-09-17,france,Brest,Montpellier,F1,60,11189
vBWJqEHD/,2021-09-17,england,Blackburn,Arsenal,E0,117,1409
WMdzXmOn/,2021-09-17,germany,Kaiserslautern,Mainz,D1,91,23499
xKarVRha/,2021-09-17,germany,Hertha Berlin,FC Augsburg,D1,96,819
zZVwLEfl/,2021-09-17,france,AJ Auxerre,Caen,F1,120,20633
4bcMyeWM/,2021-09-18,italy,Bologna,Lecce,I1,102,20342
8nUoJhP0/,2021-09-18,france,Evian Thonon Gaillard,Paris Saint-Germain,F1,42,6701
AgaNr7rG/,2021-09-18,spain,Real Zaragoza,Espanyol,SP1,91,17195
bov3SYW0/,2021-09-18,germany,Schalke 04,Bayern Munich,D1,96,16770
CpxqkfoG/,2021-09-18,italy,Udinese,Fiorentina,I1,75,8788
dKSaprTg/,2021-09-18,england,Tottenham,Liverpool,E0,56,24310
dzBrn4bs/,2021-09-18,england,Manchester Utd,Chelsea,E0,117,11736
EB5moODm/,2021-09-18,england,Sunderland,Stoke City,E0,65,24741
fROGjpjQ/,2021-09-18,england,Fulham,Manchester City,E0,61,17265
GIrziGG3/,2021-09-18,italy,Parma,Chievo Verona,I1,51,24981
h2MZsRcM/,2021-09-18,spain,Getafe,Rayo Vallecano,SP1,31,5883
K0SBQC1D/,2021-09-18,germany,Hannover 96,Borussia Dortmund,D1,39,12833
MeqWid1c/,2021-09-18,italy,Napoli,AC Milan,I1,111,16400
MZ7HxyHG/,2021-09-18,italy,Atalanta,Palermo,I1,54,26918
pAdwtGWD/,2021-09-18,france,Lyon,Marseille,F1,28,6820
r5pShxni/,2021-09-18,italy,Lazio,Genoa,I1,100,10250
tKfJqmT9/,2021-09-18,spain,Athletic Bilbao,Real Betis,SP1,73,116
txjnvf1Q/,2021-09-18,france,Stade Rennes,AS Nancy Lorraine,F1,91,1709
ULnvjzW9/,2021-09-18,italy,Siena,Juventus,I1,100,4222
WO9qTRrT/,2021-09-18,spain,Atletico Madrid,Racing Santander,SP1,62,1248
zRBvsoDS/,2021-09-18,spain,Levante,Real Madrid,SP1,34,5632
zslhWYgp/,2021-09-18,italy,Catania,Cesena,I1,83,23636
EXbpbSSd/,2021-09-20,spain,Real Sociedad,Granada,SP1,80,1334
hOclcnr3/,2021-09-20,spain,Villarreal,Mallorca,SP1,114,29208
p01Ezqjd/,2021-09-20,spain,Osasuna,Sevilla,SP1,41,22533
xhgZWBg0/,2021-09-20,france,Bordeaux,Lille,F1,68,5095
YNlZ3g09/,2021-09-20,italy,Novara,Internazionale,I1,25,7642
692AyPzj/,2021-09-21,spain,Valencia,Barcelona,SP1,30,18490
80uWsCwj/,2021-09-21,italy,Genoa,Catania,I1,41,21759
8jApU9wJ/,2021-09-21,france,Lorient,AJ Auxerre,F1,106,26892
ba7Bnigm/,2021-09-21,france,St Etienne,Toulouse,F1,60,12235
CEmw3DFF/,2021-09-21,italy,Palermo,Cagliari,I1,98,4338
Cn36x5Lq/,2021-09-21,spain,Atletico Madrid,Sporting Gijon,SP1,67,20711
fgaelE0M/,2021-09-21,italy,Cesena,Lazio,I1,21,6143
fT3UXivf/,2021-09-21,france,AC Ajaccio,Montpellier,F1,85,3460
GnfU4Zp3/,2021-09-21,italy,AC Milan,Udinese,I1,115,8383
ID5ukOkq/,2021-09-21,spain,Racing Santander,Real Madrid,SP1,93,9753
KzqzsWhd/,2021-09-21,italy,Juventus,Bologna,I1,48,8411
lQHyggGJ/,2021-09-21,france,Marseille,Evian Thonon Gaillard,F1,50,9853
nochd6c9/,2021-09-21,spain,Malaga,Athletic Bilbao,SP1,35,718
OS3amYFS/,2021-09-21,italy,Chievo Verona,Napoli,I1,91,3153
pd37mXws/,2021-09-21,france,Paris Saint-Germain,Nice,F1,114,4104
QLDDg4sS/,2021-09-21,spain,Rayo Vallecano,Levante,SP1,114,3338
QyjRrhOq/,2021-09-21,italy,Fiorentina,Parma,I1,111,12634
SGGuhDVP/,2021-09-21,france,AS Nancy Lorraine,Valenciennes,F1,35,7753
tOdGoB8g/,2021-09-21,france,Sochaux,Stade Rennes,F1,52,11764
UaBtVkOC/,2021-09-21,france,Dijon FCO,Brest,F1,26,11812
xdeQ5FVd/,2021-09-21,italy,Lecce,Atalanta,I1,74,12318
zwCxWV86/,2021-09-21,france,Caen,Lyon,F1,21,6605
0l1deQCF/,2021-09-22,spain,Real Betis,Real Zaragoza,SP1,95,12378
6yms2XUL/,2021-09-22,italy,AS Roma,Siena,I1,55,9695
rDj1fpSL/,2021-09-22,spain,Espanyol,Getafe,SP1,118,8481
OKJBQ37U/,2021-09-23,germany,VfB Stuttgart,Hamburg SV,D1,94,2981
00o3l4Ui/,2021-09-24,france,Nice,Dijon FCO,F1,31,10708
0MASHCU8/,2021-09-24,italy,AC Milan,Cesena,I1,101,28926
2HV7rMc6/,2021-09-24,england,Arsenal,Bolton,E0,83,9948
4lz9Q0xo/,2021-09-24,france,Lyon,Bordeaux,F1,98,5028
82Gob1cg/,2021-09-24,england,West Brom,Fulham,E0,81,20856
AHF7RqhO/,2021-09-24,germany,Mainz,Borussia Dortmund,D1,104,14638
AmIzq9hC/,2021-09-24,france,Evian Thonon Gaillard,Caen,F1,117,24628
dSvCnra4/,2021-09-24,france,Toulouse,AS Nancy Lorraine,F1,47,7830
EuHsasrm/,2021-09-24,england,Stoke City,Manchester Utd,E0,92,11786
fqAWGWqF/,2021-09-24,italy,Napoli,Fiorentina,I1,74,8588
G4y75q5J/,2021-09-24,england,Newcastle,Blackburn,E0,77,12994
hC7urT7I/,2021-09-24,france,Lille,Lorient,F1,100,3579
I76xqoNb/,2021-09-24,germany,FC Augsburg,Hannover 96,D1,36,27900
j1Ij9qsF/,2021-09-24,spain,Athletic Bilbao,Villarreal,SP1,66,19806
jBwbcLCa/,2021-09-24,england,Wigan,Tottenham,E0,108,2089
jkvGo2EA/,2021-09-24,france,Valenciennes,Marseille,F1,91,9814
KSMfUo85/,2021-09-24,germany,Bayern Munich,Bayer Leverkusen,D1,31,28626
M9nakpFo/,2021-09-24,france,Montpellier,Paris Saint-Germain,F1,109,24723
MXdukFe0/,2021-09-24,spain,Real Madrid,Rayo Vallecano,SP1,81,21917
OWJGt0SI/,2021-09-24,england,Manchester City,Everton,E0,49,13610
ptLCstDC/,2021-09-24,england,Liverpool,Wolves,E0,87,19266
reN9Wzo9/,2021-09-24,england,Chelsea,Swansea,E0,28,10193
UwhMdBhq/,2021-09-24,italy,Bologna,Internazionale,I1,115,5852
vH7YqR7h/,2021-09-24,germany,Borussia Monchengladbach,Nurnberg,D1,40,3836
vTglm2Ke/,2021-09-24,spain,Barcelona,Atletico Madrid,SP1,43,7286
Wj8Up7hn/,2021-09-24,germany,VfL Wolfsburg,Kaiserslautern,D1,42,28531
x4HaT5NB/,2021-09-24,germany,Schalke 04,SC Freiburg,D1,69,11861
xECinMZ1/,2021-09-24,spain,Sevilla,Valencia,SP1,70,9926
0xDw0NSt/,2021-09-25,england,QPR,Aston Villa,E0,98,18158
255TfkNe/,2021-09-25,italy,Catania,Juventus,I1,37,14148
8UjQeV7k/,2021-09-25,italy,Cagliari,Udinese,I1,85,28033
d44qlr5k/,2021-09-25,spain,Sporting Gijon,Racing Santander,SP1,24,14485
fZOsB5C2/,2021-09-25,spain,Granada,Osasuna,SP1,98,16809
GfG3SPxI/,2021-09-25,germany,Werder Bremen,Hertha Berlin,D1,117,29842
h09Qomwt/,2021-09-25,germany,FC Cologne,TSG Hoffenheim,D1,61,5454
Iyt8mOqb/,2021-09-25,france,Stade Rennes,St Etienne,F1,20,25986
lpS4bOTm/,2021-09-25,italy,Siena,Lecce,I1,92,5077
nJ6OIhF2/,2021-09-25,italy,Lazio,Palermo,I1,99,12655
OdFg1ipS/,2021-09-25,italy,Atalanta,Novara,I1,55,20042
OWJSpVNa/,2021-09-25,france,AJ Auxerre,Sochaux,F1,118,10849
SQuKiHBs/,2021-09-25,spain,Real Zaragoza,Malaga,SP1,102,29193
td4Xg9x2/,2021-09-25,italy,Chievo Verona,Genoa,I1,73,12242
v97zjetf/,2021-09-25,spain,Levante,Espanyol,SP1,70,28798
W8Xaa4Es/,2021-09-25,italy,Parma,AS Roma,I1,29,17650
WdJWqkw6/,2021-09-25,france,Brest,AC Ajaccio,F1,90,2020
YPNoAPR8/,2021-09-25,spain,Mallorca,Real Sociedad,SP1,94,11236
fezB43KP/,2021-09-26,england,Norwich City,Sunderland,E0,64,3298
MmuOjyRm/,2021-09-26,spain,Getafe,Real Betis,SP1,94,22556
SAFObQMo/,2021-09-30,germany,Kaiserslautern,VfB Stuttgart,D1,33,10359
0QMR0fJi/,2021-10-01,england,Manchester Utd,Norwich City,E0,80,6112
0Wesr5x5/,2021-10-01,germany,Borussia Dortmund,FC Augsburg,D1,24,21689
2ynI4fem/,2021-10-01,spain,Malaga,Getafe,SP1,107,14830
8KNWd4ib/,2021-10-01,germany,Hertha Berlin,FC Cologne,D1,83,24275
8tH6vNyU/,2021-10-01,germany,Nurnberg,Mainz,D1,67,26010
ADgaeasC/,2021-10-01,england,Blackburn,Manchester City,E0,115,18767
Ak3YZtpo/,2021-10-01,germany,SC Freiburg,Borussia Monchengladbach,D1,38,8402
dr3w2hu6/,2021-10-01,spain,Racing Santander,Rayo Vallecano,SP1,71,12810
ETOJrtqN/,2021-10-01,france,Caen,Nice,F1,66,19429
GCLWxiRp/,2021-10-01,england,Everton,Liverpool,E0,28,4065
GtJdbLrA/,2021-10-01,france,St Etienne,AJ Auxerre,F1,52,13445
h2drBdIJ/,2021-10-01,spain,Osasuna,Mallorca,SP1,65,6370
hKNNs0bT/,2021-10-01,france,Dijon FCO,AC Ajaccio,F1,77,8908
IiOgsPiB/,2021-10-01,germany,Bayer Leverkusen,VfL Wolfsburg,D1,52,20689
jFFvbh3A/,2021-10-01,england,Wolves,Newcastle,E0,107,27200
lEwaCsbm/,2021-10-01,italy,AS Roma,Atalanta,I1,39,9512
nufinDuJ/,2021-10-01,spain,Valencia,Granada,SP1,25,16084
O2EgxvMj/,2021-10-01,france,Lorient,Valenciennes,F1,20,17768
OpmE5zts/,2021-10-01,spain,Villarreal,Real Zaragoza,SP1,75,24407
QeYRcpxh/,2021-10-01,germany,TSG Hoffenheim,Bayern Munich,D1,74,18825
r3kgcubG/,2021-10-01,france,Sochaux,Toulouse,F1,60,2741
rTKl0sEc/,2021-10-01,france,AS Nancy Lorraine,Evian Thonon Gaillard,F1,112,23216
UaRVaEYc/,2021-10-01,england,Sunderland,West Brom,E0,99,10187
W4ZEqMTG/,2021-10-01,france,Bordeaux,Montpellier,F1,49,27388
WMfeduS5/,2021-10-01,england,Aston Villa,Wigan,E0,58,9169
xjhPeMD6/,2021-10-01,italy,Internazionale,Napoli,I1,108,19372
0OeqlZA6/,2021-10-02,spain,Sporting Gijon,Barcelona,SP1,88,15450
0WHEVf0F/,2021-10-02,england,Swansea,Stoke City,E0,28,19705
2L3Z2YPa/,2021-10-02,spain,Espanyol,Real Madrid,SP1,111,20959
4zg3fJdI/,2021-10-02,england,Bolton,Chelsea,E0,30,22786
650nAGXP/,2021-10-02,spain,Real Sociedad,Athletic Bilbao,SP1,106,4050
8jQZbYm4/,2021-10-02,england,Tottenham,Arsenal,E0,52,17680
8lemmgQC/,2021-10-02,spain,Atletico Madrid,Sevilla,SP1,32,28557
b5tYg0rJ/,2021-10-02,italy,Lecce,Cagliari,I1,39,15593
CENctq7H/,2021-10-02,germany,Hamburg SV,Schalke 04,D1,87,28091
j5M1u3MN/,2021-10-02,germany,Hannover 96,Werder Bremen,D1,37,28861
jwbOIqLJ/,2021-10-02,italy,Novara,Catania,I1,26,24104
KCtN3EAg/,2021-10-02,spain,Real Betis,Levante,SP1,75,2325
KEsUftTC/,2021-10-02,italy,Juventus,AC Milan,I1,54,25000
MZNN1z4o/,2021-10-02,england,Fulham,QPR,E0,95,21190
pCFkwK6p/,2021-10-02,france,Lille,Stade Rennes,F1,95,12376
QFlLd2b0/,2021-10-02,italy,Fiorentina,Lazio,I1,30,21870
ryw3B1Dg/,2021-10-02,italy,Udinese,Bologna,I1,116,6822
UPGp1Nbi/,2021-10-02,france,Marseille,Brest,F1,64,4730
UTdSH3zQ/,2021-10-02,italy,Palermo,Siena,I1,75,28894
WhkHcrqf/,2021-10-02,italy,Cesena,Chievo Verona,I1,29,26861
xjKha1T3/,2021-10-02,france,Paris Saint-Germain,Lyon,F1,88,24212
zBZfDNrs/,2021-10-02,italy,Parma,Genoa,I1,97,20434
bglif2yH/,2021-10-14,germany,Werder Bremen,Borussia Dortmund,D1,48,4234
2H9KABX9/,2021-10-15,england,Wigan,Bolton,E0,40,13245
88BkPKsg/,2021-10-15,italy,Napoli,Parma,I1,46,9852
8I6s1CfC/,2021-10-15,spain,Barcelona,Racing Santander,SP1,76,5595
As9zE0rc/,2021-10-15,france,Montpellier,Dijon FCO,F1,65,27993
bFP59NLc/,2021-10-15,germany,Borussia Monchengladbach,Bayer Leverkusen,D1,109,29003
C0URm0Ep/,2021-10-15,germany,VfB Stuttgart,TSG Hoffenheim,D1,33,6418
C2PteWXM/,2021-10-15,england,Chelsea,Everton,E0,50,19761
dCEXFB95/,2021-10-15,spain,Real Madrid,Real Betis,SP1,34,13608
df3yiwyp/,2021-10-15,france,Brest,Caen,F1,31,21200
GpRverMA/,2021-10-15,germany,Schalke 04,Kaiserslautern,D1,42,3113
I9ipkH5d/,2021-10-15,france,Lyon,AS Nancy Lorraine,F1,26,21741
jgOpfjmT/,2021-10-15,england,Liverpool,Manchester Utd,E0,31,21506
KOQ1A36i/,2021-10-15,germany,VfL Wolfsburg,Nurnberg,D1,107,10720
KthHHXvg/,2021-10-15,spain,Getafe,Villarreal,SP1,112,1840
KYB9eJSS/,2021-10-15,france,AJ Auxerre,Lille,F1,44,13163
lY7vDKc3/,2021-10-15,france,Nice,Bordeaux,F1,116,26894
M5CtOZ1P/,2021-10-15,spain,Mallorca,Valencia,SP1,33,6013
nBMzdO64/,2021-10-15,germany,Bayern Munich,Hertha Berlin,D1,33,26348
pnGG8acC/,2021-10-15,italy,Catania,Internazionale,I1,90,14202
rX0mBbSF/,2021-10-15,france,Toulouse,Marseille,F1,100,23780
SbH7DDmi/,2021-10-15,england,QPR,Blackburn,E0,32,23046
t2LBCX2c/,2021-10-15,england,Stoke City,Fulham,E0,82,8820
tIwdgMjN/,2021-10-15,germany,Mainz,FC Augsburg,D1,55,24084
UHCoQ0Sn/,2021-10-15,italy,AC Milan,Palermo,I1,91,6713
UXfjajPO/,2021-10-15,spain,Granada,Atletico Madrid,SP1,64,20460
vJhtjcjj/,2021-10-15,france,Evian Thonon Gaillard,St Etienne,F1,61,17360
vNGIUEFL/,2021-10-15,england,Norwich City,Swansea,E0,98,11389
Wn6DkAep/,2021-10-15,england,Manchester City,Aston Villa,E0,86,20922
0r8sRtDt/,2021-10-16,italy,Lazio,AS Roma,I1,72,9224
6eHC9ur6/,2021-10-16,italy,Cagliari,Siena,I1,110,21146
6wlDIDPn/,2021-10-16,spain,Real Zaragoza,Real Sociedad,SP1,100,2166
Aw5HlUAj/,2021-10-16,england,Newcastle,Tottenham,E0,70,25046
bZLFVM4P/,2021-10-16,italy,Genoa,Lecce,I1,57,22545
E3iLGifa/,2021-10-16,spain,Levante,Malaga,SP1,66,16801
fLs0ht6T/,2021-10-16,germany,SC Freiburg,Hamburg SV,D1,91,13249
hCJO6wSO/,2021-10-16,italy,Chievo Verona,Juventus,I1,64,25518
IuQxdCIG/,2021-10-16,england,Arsenal,Sunderland,E0,54,22757
jiTVnKTj/,2021-10-16,germany,FC Cologne,Hannover 96,D1,84,15707
jsdn0W9I/,2021-10-16,spain,Sevilla,Sporting Gijon,SP1,64,13614
jX0fOvca/,2021-10-16,italy,Novara,Bologna,I1,77,4694
OQAGBiI3/,2021-10-16,england,West Brom,Wolves,E0,94,10552
OYpUEVOB/,2021-10-16,spain,Rayo Vallecano,Espanyol,SP1,79,16919
QBC5daDM/,2021-10-16,france,AC Ajaccio,Paris Saint-Germain,F1,95,15992
Qq0FALSa/,2021-10-16,italy,Atalanta,Udinese,I1,75,930
v9FK7JCI/,2021-10-16,italy,Cesena,Fiorentina,I1,21,22287
WdcqCvD9/,2021-10-16,france,Stade Rennes,Lorient,F1,33,14373
xf0iAIsM/,2021-10-16,france,Valenciennes,Sochaux,F1,117,29164
OEb8JgAt/,2021-10-17,spain,Athletic Bilbao,Osasuna,SP1,78,13840
dfP9bcDd/,2021-10-21,germany,FC Augsburg,Werder Bremen,D1,113,10939
06djNeRR/,2021-10-22,france,Sochaux,Evian Thonon Gaillard,F1,100,19396
0d5W4d5q/,2021-10-22,france,Bordeaux,Brest,F1,85,29666
0npZ4azT/,2021-10-22,germany,Nurnberg,VfB Stuttgart,D1,40,16415
2eW00Jrp/,2021-10-22,germany,Kaiserslautern,SC Freiburg,D1,97,856
2PqYDkvI/,2021-10-22,spain,Barcelona,Sevilla,SP1,20,5508
4EHAPAn3/,2021-10-22,england,Newcastle,Wigan,E0,49,3588
8AUBTUw5/,2021-10-22,spain,Malaga,Real Madrid,SP1,75,21473
CzD73TPq/,2021-10-22,england,Bolton,Sunderland,E0,111,27782
dnqxD9gO/,2021-10-22,spain,Sporting Gijon,Granada,SP1,112,16037
EFy0Ntjc/,2021-10-22,germany,Hertha Berlin,Mainz,D1,79,20750
hjWz9k2M/,2021-10-22,england,Aston Villa,West Brom,E0,77,27378
hxP98sy4/,2021-10-22,germany,Borussia Dortmund,FC Cologne,D1,65,19024
hzAZQwS2/,2021-10-22,france,Marseille,AC Ajaccio,F1,83,25039
Is7oOyCL/,2021-10-22,france,St Etienne,Valenciennes,F1,35,17638
jB90KxsI/,2021-10-22,italy,Fiorentina,Catania,I1,87,4752
l4II6L5G/,2021-10-22,germany,Hamburg SV,VfL Wolfsburg,D1,35,7587
nD7r2fk2/,2021-10-22,france,Lorient,Toulouse,F1,27,6936
nw39IGBU/,2021-10-22,italy,Juventus,Genoa,I1,53,14159
pKL5awbj/,2021-10-22,germany,TSG Hoffenheim,Borussia Monchengladbach,D1,114,12565
plBF17fd/,2021-10-22,england,Liverpool,Norwich City,E0,28,14919
rmPEQ88H/,2021-10-22,spain,Racing Santander,Espanyol,SP1,60,15409
vm4z4GKk/,2021-10-22,france,Caen,Montpellier,F1,65,21227
WQ8wQcs9/,2021-10-22,france,AS Nancy Lorraine,Nice,F1,31,7682
YqGMTYUR/,2021-10-22,england,Wolves,Swansea,E0,81,24473
2ZfzybRb/,2021-10-23,italy,Siena,Cesena,I1,117,26210
6cCB2muj/,2021-10-23,england,Fulham,Everton,E0,42,23120
6uTD71jA/,2021-10-23,germany,Bayer Leverkusen,Schalke 04,D1,116,13244
8n45JddO/,2021-10-23,italy,Internazionale,Chievo Verona,I1,69,11443
AafvzIt5/,2021-10-23,italy,Udinese,Novara,I1,81,23452
AkmtCT8U/,2021-10-23,spain,Atletico Madrid,Mallorca,SP1,104,28555
As9O9VnG/,2021-10-23,england,Arsenal,Stoke City,E0,112,315
byHEOU19/,2021-10-23,england,QPR,Chelsea,E0,56,29753
CKAdLIRB/,2021-10-23,italy,Cagliari,Napoli,I1,106,20133
IcBhMbC5/,2021-10-23,italy,Bologna,Lazio,I1,94,22729
ILyaWWgn/,2021-10-23,spain,Osasuna,Real Zaragoza,SP1,58,21758
K2N39xcS/,2021-10-23,france,AJ Auxerre,Stade Rennes,F1,115,18170
lQPARlgB/,2021-10-23,spain,Real Betis,Rayo Vallecano,SP1,113,10476
net3Vj9h/,2021-10-23,spain,Real Sociedad,Getafe,SP1,42,27490
OrdWyvCh/,2021-10-23,italy,AS Roma,Palermo,I1,103,2806
QNI6QjXd/,2021-10-23,england,Manchester Utd,Manchester City,E0,27,1053
Qou7UAOb/,2021-10-23,spain,Villarreal,Levante,SP1,53,6707
SG2Nw0st/,2021-10-23,italy,Lecce,AC Milan,I1,59,9686
tK6RxKdn/,2021-10-23,italy,Parma,Atalanta,I1,41,16409
vi8sPHdF/,2021-10-23,france,Paris Saint-Germain,Dijon FCO,F1,86,12512
vVxeXCvt/,2021-10-23,spain,Valencia,Athletic Bilbao,SP1,99,13845
WCuV5uLM/,2021-10-23,germany,Hannover 96,Bayern Munich,D1,42,25158
Y93v3zzd/,2021-10-23,france,Lille,Lyon,F1,45,25384
zFLu89HS/,2021-10-23,england,Blackburn,Tottenham,E0,105,8391
MwOIPSNN/,2021-10-25,spain,Sevilla,Racing Santander,SP1,97,9555
p6dVRglo/,2021-10-25,italy,Juventus,Fiorentina,I1,44,9726
vFINOnwU/,2021-10-25,spain,Granada,Barcelona,SP1,87,19899
4W2Qkcth/,2021-10-26,italy,AC Milan,Parma,I1,42,12264
AT5YmyB4/,2021-10-26,italy,Novara,Siena,I1,22,15843
bg2UlHeb/,2021-10-26,italy,Napoli,Udinese,I1,85,20283
CnLqrAwh/,2021-10-26,spain,Real Zaragoza,Valencia,SP1,22,28020
fBAlsUhb/,2021-10-26,spain,Getafe,Osasuna,SP1,51,9914
h8HjZydB/,2021-10-26,italy,Atalanta,Internazionale,I1,73,25577
lzBaXFQN/,2021-10-26,italy,Chievo Verona,Bologna,I1,44,16848
OzW8vSxH/,2021-10-26,spain,Rayo Vallecano,Malaga,SP1,99,12533
Qu4MjwRo/,2021-10-26,italy,Lazio,Catania,I1,65,2756
rcA3WZuU/,2021-10-26,italy,Genoa,AS Roma,I1,72,347
tO4kK6oo/,2021-10-26,spain,Mallorca,Sporting Gijon,SP1,29,9958
tS8du8NA/,2021-10-26,spain,Real Madrid,Villarreal,SP1,57,9139
Y19htl84/,2021-10-26,spain,Levante,Real Sociedad,SP1,115,25029
zX6eYeBH/,2021-10-26,italy,Cesena,Cagliari,I1,98,11473
4YqwNa7q/,2021-10-27,spain,Espanyol,Real Betis,SP1,65,4724
bqHuqjOo/,2021-10-27,spain,Athletic Bilbao,Atletico Madrid,SP1,103,7534
hhewmeQA/,2021-10-27,italy,Palermo,Lecce,I1,72,2079
bkKh2WJl/,2021-10-28,germany,SC Freiburg,Bayer Leverkusen,D1,31,28594
00LMl81F/,2021-10-29,italy,AS Roma,AC Milan,I1,50,297
2NAituEL/,2021-10-29,spain,Real Sociedad,Real Madrid,SP1,98,14465
6Tn5L8es/,2021-10-29,france,Paris Saint-Germain,Caen,F1,41,4901
ABKINlHF/,2021-10-29,england,Chelsea,Arsenal,E0,97,21145
AFhpr1q9/,2021-10-29,spain,Valencia,Getafe,SP1,71,11990
AP3sFXY7/,2021-10-29,france,Lyon,St Etienne,F1,113,13413
AsV8LKK9/,2021-10-29,germany,Schalke 04,TSG Hoffenheim,D1,98,10243
b5S8xlW8/,2021-10-29,england,Wigan,Fulham,E0,41,6850
CbmoLwxd/,2021-10-29,spain,Barcelona,Mallorca,SP1,96,18109
EcAYGg4e/,2021-10-29,france,Dijon FCO,Marseille,F1,53,1262
EuN4aU37/,2021-10-29,germany,VfL Wolfsburg,Hertha Berlin,D1,61,2993
h6z4M053/,2021-10-29,germany,Bayern Munich,Nurnberg,D1,90,17826
hWL8blJD/,2021-10-29,germany,Borussia Monchengladbach,Hannover 96,D1,41,19767
hzANM8WL/,2021-10-29,england,Everton,Manchester Utd,E0,103,14282
KET4wUG2/,2021-10-29,england,West Brom,Liverpool,E0,79,21516
ljDAFQOe/,2021-10-29,england,Sunderland,Aston Villa,E0,69,27794
OSDrOhwq/,2021-10-29,england,Swansea,Bolton,E0,49,11198
pn0duaTR/,2021-10-29,spain,Villarreal,Rayo Vallecano,SP1,99,21735
SpGXwHB8/,2021-10-29,france,Montpellier,AS Nancy Lorraine,F1,75,27210
SzP1Hnfq/,2021-10-29,england,Norwich City,Blackburn,E0,113,14975
t0pNT6Pk/,2021-10-29,italy,Catania,Napoli,I1,35,8080
tE9c1jZf/,2021-10-29,germany,VfB Stuttgart,Borussia Dortmund,D1,79,13835
tpCQIFZr/,2021-10-29,france,AC Ajaccio,Bordeaux,F1,102,2808
tUit3C4r/,2021-10-29,germany,Mainz,Werder Bremen,D1,117,17852
WY4wGDJ1/,2021-10-29,france,Evian Thonon Gaillard,AJ Auxerre,F1,104,19173
xSwWRpf2/,2021-10-29,italy,Internazionale,Juventus,I1,20,15870
z7BUHZlk/,2021-10-29,france,Brest,Lorient,F1,66,20374
zqXZLSoS/,2021-10-29,england,Manchester City,Wolves,E0,70,29491
29oJUnAq/,2021-10-30,italy,Cagliari,Lazio,I1,113,14541
2gHEEpv2/,2021-10-30,england,Tottenham,QPR,E0,78,9968
4xhlsLbF/,2021-10-30,spain,Osasuna,Levante,SP1,92,17250
EgjDJnQg/,2021-10-30,france,Valenciennes,Lille,F1,90,12244
fmjMjUW2/,2021-10-30,italy,Lecce,Novara,I1,86,11555
jDAWzJyq/,2021-10-30,spain,Malaga,Espanyol,SP1,118,8485
jknkKci2/,2021-10-30,spain,Sporting Gijon,Athletic Bilbao,SP1,92,15793
K4810Al1/,2021-10-30,germany,FC Cologne,FC Augsburg,D1,92,6323
KnFzzwik/,2021-10-30,spain,Racing Santander,Real Betis,SP1,107,11637
lYTCKvzG/,2021-10-30,germany,Hamburg SV,Kaiserslautern,D1,29,7669
OOZRSQvd/,2021-10-30,italy,Fiorentina,Genoa,I1,25,15254
pKo9KSAm/,2021-10-30,france,Toulouse,Stade Rennes,F1,75,29895
QVYzwyRE/,2021-10-30,france,Nice,Sochaux,F1,58,28727
viKQmSGL/,2021-10-30,italy,Siena,Chievo Verona,I1,71,25051
WOgtqsU2/,2021-10-30,spain,Atletico Madrid,Real Zaragoza,SP1,29,1727
YDJUnnWR/,2021-10-30,italy,Udinese,Palermo,I1,70,27793
YwkQkln9/,2021-10-30,italy,Parma,Cesena,I1,84,9059
z1IknFuH/,2021-10-30,italy,Bologna,Atalanta,I1,22,26162
6RN5G69k/,2021-10-31,england,Stoke City,Newcastle,E0,107,29337
IylsMJMk/,2021-10-31,spain,Sevilla,Granada,SP1,28,29773
SWfx0bFm/,2021-11-04,germany,Mainz,VfB Stuttgart,D1,31,11424
0MAc7tND/,2021-11-05,germany,Borussia Dortmund,VfL Wolfsburg,D1,120,21781
0Y0dTqge/,2021-11-05,england,Manchester Utd,Sunderland,E0,94,647
42Hhbxp0/,2021-11-05,germany,TSG Hoffenheim,Kaiserslautern,D1,28,2788
4Ic9zS0L/,2021-11-05,england,Aston Villa,Norwich City,E0,64,5154
6i3mNChk/,2021-11-05,england,Liverpool,Swansea,E0,54,2506
8b44RNN7/,2021-11-05,england,QPR,Manchester City,E0,49,23776
8nE55KiQ/,2021-11-05,germany,Werder Bremen,FC Cologne,D1,68,13185
AuIlaIUg/,2021-11-05,germany,Nurnberg,SC Freiburg,D1,20,23628
b1A1dGEC/,2021-11-05,germany,Hertha Berlin,Borussia Monchengladbach,D1,27,22469
bucDZoGR/,2021-11-05,england,Blackburn,Chelsea,E0,77,26867
dKIIofCK/,2021-11-05,italy,Novara,AS Roma,I1,117,25078
EPE160xK/,2021-11-05,germany,Bayer Leverkusen,Hamburg SV,D1,112,7669
ni6xG4PI/,2021-11-05,france,Lille,Evian Thonon Gaillard,F1,118,9197
QRb5y8oF/,2021-11-05,england,Arsenal,West Brom,E0,90,16230
SrwSnGze/,2021-11-05,spain,Real Betis,Malaga,SP1,98,2634
t23qYGL1/,2021-11-05,spain,Mallorca,Sevilla,SP1,59,24658
U750S381/,2021-11-05,england,Newcastle,Everton,E0,54,28175
WSZvfbrL/,2021-11-05,spain,Levante,Valencia,SP1,101,21143
zBHMpERQ/,2021-11-05,italy,Palermo,Bologna,I1,101,2461
6HvpGELh/,2021-11-06,france,St Etienne,Montpellier,F1,20,8761
Ae0X0v0s/,2021-11-06,germany,Hannover 96,Schalke 04,D1,74,20085
AJYrgIcR/,2021-11-06,spain,Real Madrid,Osasuna,SP1,26,2736
biyxIzit/,2021-11-06,france,AS Nancy Lorraine,Brest,F1,52,3483
bwEvZd6e/,2021-11-06,spain,Granada,Racing Santander,SP1,114,7170
CQJwdKD8/,2021-11-06,spain,Real Zaragoza,Sporting Gijon,SP1,62,15346
d2DPI6u0/,2021-11-06,france,AJ Auxerre,Toulouse,F1,84,4767
dGO9sQgk/,2021-11-06,italy,Cesena,Lecce,I1,83,14789
drkAMGrP/,2021-11-06,france,Marseille,Nice,F1,81,2001
EiZ4r6vq/,2021-11-06,italy,Atalanta,Cagliari,I1,60,21630
EL6ej708/,2021-11-06,england,Wolves,Wigan,E0,92,15855
f57mXzy8/,2021-11-06,spain,Athletic Bilbao,Barcelona,SP1,25,5454
G4aktYZs/,2021-11-06,italy,Udinese,Siena,I1,52,8060
GxLdcda6/,2021-11-06,germany,FC Augsburg,Bayern Munich,D1,42,7305
hEztHf6n/,2021-11-06,france,Stade Rennes,Valenciennes,F1,32,12992
hU6YGpAC/,2021-11-06,france,Caen,Dijon FCO,F1,29,4671
jHIsevTE/,2021-11-06,spain,Getafe,Atletico Madrid,SP1,102,8236
jNFAmGs8/,2021-11-06,italy,AC Milan,Catania,I1,72,17055
ltUlFYza/,2021-11-06,france,Sochaux,Lyon,F1,38,28801
Ms2hUPwk/,2021-11-06,england,Fulham,Tottenham,E0,43,15097
pKmNmdLl/,2021-11-06,spain,Espanyol,Villarreal,SP1,34,12637
Qs5tFOvP/,2021-11-06,france,Lorient,AC Ajaccio,F1,22,10645
rXQLvOw8/,2021-11-06,italy,Lazio,Parma,I1,91,27759
SbLAlx6r/,2021-11-06,spain,Rayo Vallecano,Real Sociedad,SP1,25,16115
vJCmV5Or/,2021-11-06,england,Bolton,Stoke City,E0,114,6526
vR2UHQf6/,2021-11-06,france,Bordeaux,Paris Saint-Germain,F1,50,6765
z7NDtp9e/,2021-11-06,italy,Chievo Verona,Fiorentina,I1,47,25353
lAuqTi5b/,2021-11-18,france,Toulouse,Lille,F1,54,1508
S06WDHqm/,2021-11-18,germany,Kaiserslautern,Bayer Leverkusen,D1,55,5821
YDmIAAkU/,2021-11-18,france,Lyon,Stade Rennes,F1,91,12452
2VhabDtK/,2021-11-19,italy,Napoli,Lazio,I1,64,17255
6wQ9wWJ0/,2021-11-19,italy,Fiorentina,AC Milan,I1,41,7703
drXWWIam/,2021-11-19,england,Manchester City,Newcastle,E0,78,2931
dSllVdUa/,2021-11-19,england,Stoke City,QPR,E0,97,12316
EauvpEKD/,2021-11-19,spain,Barcelona,Real Zaragoza,SP1,20,9433
Ec2SEcUt/,2021-11-19,germany,SC Freiburg,Hertha Berlin,D1,108,16691
EimWVgLu/,2021-11-19,france,Montpellier,Marseille,F1,73,20669
EJRyWxFg/,2021-11-19,england,Norwich City,Arsenal,E0,38,9291
hrnzVDzn/,2021-11-19,france,Nice,St Etienne,F1,68,26707
IiYSXbps/,2021-11-19,england,Everton,Wolves,E0,86,16240
jklhUGq6/,2021-11-19,england,Sunderland,Fulham,E0,58,15273
MkrmqGkQ/,2021-11-19,spain,Valencia,Real Madrid,SP1,83,6393
MwpEBjzO/,2021-11-19,france,Evian Thonon Gaillard,Lorient,F1,48,6589
nHs1SfEI/,2021-11-19,england,West Brom,Bolton,E0,86,22839
OrnWxESg/,2021-11-19,spain,Villarreal,Real Betis,SP1,117,3825
OYrlAZrC/,2021-11-19,germany,Borussia Monchengladbach,Werder Bremen,D1,66,20280
pr2iMW7e/,2021-11-19,england,Swansea,Manchester Utd,E0,69,20946
prppBFT5/,2021-11-19,germany,VfL Wolfsburg,Hannover 96,D1,95,22559
Q7t5RETO/,2021-11-19,england,Wigan,Blackburn,E0,62,11087
ShEIyAlD/,2021-11-19,italy,Internazionale,Cagliari,I1,27,25694
UPQeKJ6J/,2021-11-19,germany,Schalke 04,Nurnberg,D1,92,2211
vFf9CWKH/,2021-11-19,france,Dijon FCO,Bordeaux,F1,27,16547
Wli1Ehj5/,2021-11-19,france,AC Ajaccio,Caen,F1,36,3003
xh95ezUI/,2021-11-19,germany,Bayern Munich,Borussia Dortmund,D1,117,4547
0Oe5DC5B/,2021-11-20,france,Brest,Sochaux,F1,57,18066
8GPaJwMP/,2021-11-20,germany,Hamburg SV,TSG Hoffenheim,D1,26,17974
AJtuUXkh/,2021-11-20,france,Paris Saint-Germain,AS Nancy Lorraine,F1,26,535
bDM1uhkl/,2021-11-20,italy,Bologna,Cesena,I1,108,18631
GhuuoxLD/,2021-11-20,spain,Sporting Gijon,Getafe,SP1,94,12317
GxZZiBJm/,2021-11-20,italy,Siena,Atalanta,I1,96,11309
hzM5vC4f/,2021-11-20,italy,Catania,Chievo Verona,I1,115,23478
l2FExjZ6/,2021-11-20,italy,Genoa,Novara,I1,68,15012
MFZVhi4s/,2021-11-20,italy,AS Roma,Lecce,I1,93,28749
MN5zDyag/,2021-11-20,germany,VfB Stuttgart,FC Augsburg,D1,31,27785
ObUEvzbs/,2021-11-20,spain,Osasuna,Rayo Vallecano,SP1,42,16619
OvfeagRD/,2021-11-20,italy,Juventus,Palermo,I1,23,12024
pfr4cXeQ/,2021-11-20,italy,Parma,Udinese,I1,44,19580
QeAakRFE/,2021-11-20,england,Chelsea,Liverpool,E0,96,25958
rXvmSBK4/,2021-11-20,france,Valenciennes,AJ Auxerre,F1,109,9858
SSrqpdzK/,2021-11-20,spain,Atletico Madrid,Levante,SP1,78,10036
tzPJwfDm/,2021-11-20,spain,Real Sociedad,Espanyol,SP1,55,1674
z9tzof57/,2021-11-20,spain,Sevilla,Athletic Bilbao,SP1,43,12438
4hhdTzaC/,2021-11-21,england,Tottenham,Aston Villa,E0,74,1267
I5ozxYs0/,2021-11-21,spain,Racing Santander,Malaga,SP1,77,17775
ptkY4l3g/,2021-11-25,italy,Udinese,AS Roma,I1,116,7485
UJTRPEra/,2021-11-25,germany,FC Cologne,Borussia Monchengladbach,D1,47,23225
6RcEqxUn/,2021-11-26,england,Chelsea,Wolves,E0,82,20692
84uJRzEn/,2021-11-26,germany,Nurnberg,Kaiserslautern,D1,84,15714
AV0ttVl4/,2021-11-26,france,Sochaux,Montpellier,F1,105,16550
bodniVYg/,2021-11-26,italy,Atalanta,Napoli,I1,59,24945
d0OYtzE5/,2021-11-26,england,Norwich City,QPR,E0,52,9742
dpvQNYc5/,2021-11-26,germany,FC Augsburg,VfL Wolfsburg,D1,29,16943
Ei1MsGba/,2021-11-26,england,Manchester Utd,Newcastle,E0,91,21543
EyJwtfTB/,2021-11-26,england,Stoke City,Blackburn,E0,97,5169
hSHsuErI/,2021-11-26,england,Sunderland,Wigan,E0,100,22138
Ierh9gbI/,2021-11-26,germany,Borussia Dortmund,Schalke 04,D1,103,29765
j7wUMhDB/,2021-11-26,germany,Hertha Berlin,Bayer Leverkusen,D1,79,4177
KhAeigSt/,2021-11-26,spain,Real Madrid,Atletico Madrid,SP1,21,20202
lzkalTIC/,2021-11-26,italy,Lazio,Juventus,I1,112,6193
M7e8P94N/,2021-11-26,france,Lille,Brest,F1,105,28869
MgMskb6P/,2021-11-26,england,Arsenal,Fulham,E0,22,6445
nevNQfTh/,2021-11-26,germany,TSG Hoffenheim,SC Freiburg,D1,54,29975
nkHovYcO/,2021-11-26,england,West Brom,Tottenham,E0,112,5226
nL72mmYI/,2021-11-26,italy,Lecce,Catania,I1,82,23463
O289pIEt/,2021-11-26,england,Bolton,Everton,E0,78,15330
OEbUrX4o/,2021-11-26,france,AS Nancy Lorraine,Dijon FCO,F1,86,27994
rHd4QkkH/,2021-11-26,france,Bordeaux,Caen,F1,108,12425
S6eouk4A/,2021-11-26,france,Toulouse,Valenciennes,F1,75,28895
Wv2xsBZc/,2021-11-26,france,St Etienne,AC Ajaccio,F1,76,10355
WY8cBjQP/,2021-11-26,italy,Novara,Parma,I1,111,999
xI2YsiKi/,2021-11-26,france,Stade Rennes,Evian Thonon Gaillard,F1,109,1397
xMlmXdjP/,2021-11-26,germany,Hannover 96,Hamburg SV,D1,20,21530
YeEajDsm/,2021-11-26,spain,Rayo Vallecano,Valencia,SP1,101,16043
zLYOdF4J/,2021-11-26,spain,Getafe,Barcelona,SP1,43,502
0h7aRVZA/,2021-11-27,france,AJ Auxerre,Lyon,F1,116,26852
2HaT5Umm/,2021-11-27,italy,Siena,Internazionale,I1,74,2550
ARzGliCa/,2021-11-27,spain,Real Betis,Real Sociedad,SP1,40,483
EBXSeZJP/,2021-11-27,spain,Levante,Sporting Gijon,SP1,112,27982
EH6eLjN1/,2021-11-27,england,Swansea,Aston Villa,E0,119,26693
EXvqzCCC/,2021-11-27,spain,Athletic Bilbao,Granada,SP1,25,5903
fDkek936/,2021-11-27,italy,Cesena,Genoa,I1,87,9495
GMjijkl0/,2021-11-27,italy,Cagliari,Bologna,I1,61,23964
GrABOTJT/,2021-11-27,france,Lorient,Nice,F1,32,27033
hOwmZVRI/,2021-11-27,spain,Real Zaragoza,Sevilla,SP1,49,16516
hrAgCWAJ/,2021-11-27,italy,AC Milan,Chievo Verona,I1,104,14395
IidwKmSp/,2021-11-27,france,Marseille,Paris Saint-Germain,F1,86,6922
KU1Irdqg/,2021-11-27,england,Liverpool,Manchester City,E0,52,13631
OQ0P6AYt/,2021-11-27,italy,Palermo,Fiorentina,I1,45,15253
SID3kXdg/,2021-11-27,spain,Espanyol,Osasuna,SP1,31,6598
vVzFSGbt/,2021-11-27,germany,Mainz,Bayern Munich,D1,41,18085
W8kvyhc6/,2021-11-27,spain,Mallorca,Racing Santander,SP1,101,7940
Wbnd8DDO/,2021-11-27,germany,Werder Bremen,VfB Stuttgart,D1,43,11452
S2VKmBR5/,2021-11-28,spain,Malaga,Villarreal,SP1,117,9526
2cJEnzcE/,2021-11-29,italy,Napoli,Juventus,I1,55,5848
ImjtItn3/,2021-11-29,spain,Barcelona,Rayo Vallecano,SP1,34,29160
hjfJqvXp/,2021-12-02,italy,Genoa,AC Milan,I1,54,47
MgbYX6dp/,2021-12-02,france,Caen,Marseille,F1,92,14711
UcxYLCSH/,2021-12-02,germany,Bayer Leverkusen,TSG Hoffenheim,D1,90,18170
0GqXgDcB/,2021-12-03,england,Tottenham,Bolton,E0,48,23828
0pcxXQBj/,2021-12-03,france,Dijon FCO,Sochaux,F1,95,5181
0WRFeZSb/,2021-12-03,england,Newcastle,Chelsea,E0,110,11081
230aj4m4/,2021-12-03,spain,Valencia,Espanyol,SP1,53,4074
2VO3wEch/,2021-12-03,germany,Kaiserslautern,Hertha Berlin,D1,24,5673
AB698N9o/,2021-12-03,italy,Internazionale,Udinese,I1,43,22562
AFIcv9JG/,2021-12-03,france,AC Ajaccio,Lille,F1,88,15677
dAHKm2XM/,2021-12-03,spain,Racing Santander,Villarreal,SP1,45,17829
EX2yflJ3/,2021-12-03,france,Montpellier,Lorient,F1,120,23061
fwcihQIi/,2021-12-03,spain,Sporting Gijon,Real Madrid,SP1,54,1455
fwqygXCH/,2021-12-03,england,Wigan,Arsenal,E0,72,15977
GCL5xmlT/,2021-12-03,france,Brest,St Etienne,F1,110,24560
Gnbmg63o/,2021-12-03,spain,Barcelona,Levante,SP1,21,3048
h85aKAx8/,2021-12-03,england,Blackburn,Swansea,E0,33,2291
hIESeAli/,2021-12-03,france,Evian Thonon Gaillard,Valenciennes,F1,93,23368
K6Zbvfrn/,2021-12-03,germany,SC Freiburg,Hannover 96,D1,72,4088
lnNByhS4/,2021-12-03,germany,VfL Wolfsburg,Mainz,D1,100,12731
MuTBdFDh/,2021-12-03,england,Manchester City,Norwich City,E0,61,23231
nZWxLWsO/,2021-12-03,germany,Bayern Munich,Werder Bremen,D1,47,13872
pUbM5Lg4/,2021-12-03,italy,Napoli,Lecce,I1,70,28251
pzzkwhDU/,2021-12-03,england,Aston Villa,Manchester Utd,E0,119,18266
reHKfgr5/,2021-12-03,england,QPR,West Brom,E0,104,14257
Sz7ug8Y9/,2021-12-03,france,Nice,Stade Rennes,F1,49,894
tMN7xYCb/,2021-12-03,germany,VfB Stuttgart,FC Cologne,D1,95,27694